15nzqx79n79ys,25upo9fksgtlx,54
230skqa4m0s49,25upo9fksgtlx,4
3drhnapwsoh48,3jy905oq5p0fd,2
32qxryo5kjncn,74v9ym57faeh,4
1gunu0vhv9onz,24czzdmwwi5sy,180
0se1rjxqj7hpl,2krwo1phx3ko9,2
0o1tddee2zs81,230skqa4m0s49,8
2ms44hwqqvus4,3a1jrb52dzvdw,2
0um8p0nqk67ii,2wbdjzv6eifv0,8
3drhnapwsoh48,3w47hajyffanm,2
1gunu0vhv9onz,32qxryo5kjncn,40
2blaednlygf17,3dbsf8jhza75b,2
0l83dhgd3vpsz,1iacwualww2c2,76
25upo9fksgtlx,2mim87ycpkqpd,2
0lgcp95scv131,1531ng54s7uae,28
1ilylfydh0cmz,2pcb57gbddt3p,18
2c2du5pfx1wdd,3bf34neolvclk,4
2lk31jo2jxvli,2rumo6bidhs8e,8
26xcsq0gf1jwv,36275lbz1pxfh,92
0lgcp95scv131,1ao6ysd83yhwq,14
2pcb57gbddt3p,donaqrcnrtqf,18
013lkg9taasav,3drhnapwsoh48,4
1whe7fdmhjory,32kl1z5zwdjk5,2
09zwgo2neo793,3ilnnu693lm8a,12
1wgiyr6mngjiw,3fqayt2xus382,2
0alpk5z23w37a,2238n8o8ud2gh,6
2fxhor0ps3wf4,3girxccb022sp,4
016gpxcjwyitu,32kl1z5zwdjk5,4
016gpxcjwyitu,07ay8uulcnvk3,4
2fxhor0ps3wf4,3b7307z6k1mww,20
2prezf5es7ty3,3pgvdv081jydt,190
34w8lt0uqzzoe,3o40y4svvhgpn,4
24czzdmwwi5sy,3o40y4svvhgpn,140
160r0lpqjisp,2238n8o8ud2gh,4
2fxhor0ps3wf4,74v9ym57faeh,4
1iacwualww2c2,26xcsq0gf1jwv,570
13thi4zmdsy2y,3306hmdq9cxwe,4
13qs8x5x8p6ya,27pcovumew3ob,4
10vr5wlzs8enw,3tqlfbvtuq5hm,12
3drhnapwsoh48,3umqcdhxld74q,4
2blaednlygf17,3bf34neolvclk,4
0uhzyvcde50cq,24czzdmwwi5sy,2
24czzdmwwi5sy,2rumo6bidhs8e,36
0alpk5z23w37a,1ao6ysd83yhwq,6
0uhzyvcde50cq,1jy2n8j8kbywh,4
0alpk5z23w37a,0uhzyvcde50cq,64
09zwgo2neo793,1m594pufp5piu,60
15nzqx79n79ys,bn7gw1zkaiu,12
1m594pufp5piu,2c2du5pfx1wdd,6
160r0lpqjisp,1ao6ysd83yhwq,4
0lgcp95scv131,2e2akbj0ttyt7,14
1iacwualww2c2,3drhnapwsoh48,38
3jy905oq5p0fd,3qq8b7ay5s7u6,4
0svjeasfs0x0v,1iacwualww2c2,38
25upo9fksgtlx,2qdgt7iso1haa,44
1iacwualww2c2,25upo9fksgtlx,38
1f1c0nfexmrs5,24czzdmwwi5sy,12
1uj408gj7d7ef,2rumo6bidhs8e,8
25upo9fksgtlx,3a1jrb52dzvdw,4
1vx0wgecpjwg4,2pcb57gbddt3p,6
37pw68qf1or5o,tt04njzmaj1q,2
1ilylfydh0cmz,32kl1z5zwdjk5,2
2pcb57gbddt3p,3ilnnu693lm8a,114
2fxhor0ps3wf4,iz293ooe3a13,4
13thi4zmdsy2y,2rr28wl86d5gf,2
1xgrcyr3y4vur,iz293ooe3a13,2
21hgiqvqsjh4d,2pcb57gbddt3p,4
25upo9fksgtlx,3girxccb022sp,2
1bijtqzhbevxb,3tqlfbvtuq5hm,4
0o1tddee2zs81,32kl1z5zwdjk5,4
3dbsf8jhza75b,3uor3wlh61s4z,2
20lkurx3ntqab,mushin69,4
160r0lpqjisp,q3djpapqdeae,8
0alpk5z23w37a,3pgvdv081jydt,18
0o7h2zw9pbayw,2e2akbj0ttyt7,4
11w7z3zmave9c,1uj408gj7d7ef,8
3qq8b7ay5s7u6,3uor3wlh61s4z,8
2e6ctdnqdtdiw,3kglo7k1gj2dp,20
11xc8bqck0qv5,2cyh4atpkk6xw,2
26xcsq0gf1jwv,3kglo7k1gj2dp,442
0alpk5z23w37a,2e2akbj0ttyt7,6
0alpk5z23w37a,3qq8b7ay5s7u6,128
1jy2n8j8kbywh,32kl1z5zwdjk5,4
09zwgo2neo793,0uhzyvcde50cq,10
1ao6ysd83yhwq,26xcsq0gf1jwv,2
0alpk5z23w37a,q3djpapqdeae,12
11w7z3zmave9c,74v9ym57faeh,4
1ao6ysd83yhwq,3girxccb022sp,2
1whe7fdmhjory,26xcsq0gf1jwv,30
07ay8uulcnvk3,32kl1z5zwdjk5,2
0alpk5z23w37a,0lgcp95scv131,42
160r0lpqjisp,27y9qbamw9ztc,4
1obh55eoirp41,1uj408gj7d7ef,34
07ay8uulcnvk3,2s69o3vk753ik,20
0o7h2zw9pbayw,3kglo7k1gj2dp,2
09zwgo2neo793,1xgrcyr3y4vur,4
10vr5wlzs8enw,2pcb57gbddt3p,228
2ms44hwqqvus4,3kglo7k1gj2dp,4
0l83dhgd3vpsz,32kl1z5zwdjk5,4
2cyh4atpkk6xw,37pw68qf1or5o,2
0um8p0nqk67ii,2rumo6bidhs8e,16
24czzdmwwi5sy,88gtbo3mesbw,268
0guqs8z9rr03o,34j1ki7yji9u3,4
1tvwlos89qwfw,25upo9fksgtlx,2
24czzdmwwi5sy,25upo9fksgtlx,2
2cyh4atpkk6xw,3fqayt2xus382,2
0l83dhgd3vpsz,2s69o3vk753ik,40
1gunu0vhv9onz,74v9ym57faeh,20
2fiiubp4adekw,37pw68qf1or5o,2
160r0lpqjisp,2pcb57gbddt3p,76
27y9qbamw9ztc,3pgvdv081jydt,6
28rwg208w77oa,32kl1z5zwdjk5,4
1f1c0nfexmrs5,74v9ym57faeh,80
0um8p0nqk67ii,1gunu0vhv9onz,80
075q5fudb3a77,88gtbo3mesbw,8
28rwg208w77oa,2s69o3vk753ik,40
15mk9abckp8wc,3kglo7k1gj2dp,8
30ebyug8mqvkp,3av3aglvxy0ng,40
016gpxcjwyitu,36275lbz1pxfh,12
2pcb57gbddt3p,3pgvdv081jydt,190
0lgcp95scv131,2krwo1phx3ko9,8
11xc8bqck0qv5,2x09hatba6tnx,4
1uj408gj7d7ef,25upo9fksgtlx,34
2e2akbj0ttyt7,74v9ym57faeh,82
1iacwualww2c2,1tvwlos89qwfw,38
2e2akbj0ttyt7,2pcb57gbddt3p,42
2s69o3vk753ik,3uor3wlh61s4z,40
1tvwlos89qwfw,36275lbz1pxfh,6
26xcsq0gf1jwv,3w47hajyffanm,30
0alpk5z23w37a,donaqrcnrtqf,20
016gpxcjwyitu,1whe7fdmhjory,4
1vx0wgecpjwg4,3as9xy2mf1jgi,6
1pdo7utb6019r,iz293ooe3a13,12
09zwgo2neo793,0lgcp95scv131,28
24czzdmwwi5sy,36275lbz1pxfh,6
27y9qbamw9ztc,3av3aglvxy0ng,4
32qxryo5kjncn,tt04njzmaj1q,2
1uj408gj7d7ef,mushin69,34
0lgcp95scv131,1bijtqzhbevxb,28
2rumo6bidhs8e,3a1jrb52dzvdw,4
016gpxcjwyitu,0svjeasfs0x0v,4
1wgiyr6mngjiw,25upo9fksgtlx,2
1wgiyr6mngjiw,donaqrcnrtqf,16
3tqlfbvtuq5hm,3uor3wlh61s4z,2
0lgcp95scv131,0um8p0nqk67ii,8
1tvwlos89qwfw,1whe7fdmhjory,2
10vr5wlzs8enw,2fxhor0ps3wf4,24
0svjeasfs0x0v,32kl1z5zwdjk5,2
2krwo1phx3ko9,3tqlfbvtuq5hm,12
10vr5wlzs8enw,160r0lpqjisp,24
2mim87ycpkqpd,2pcb57gbddt3p,18
13thi4zmdsy2y,3l2fu7u33b5pb,2
09zwgo2neo793,3306hmdq9cxwe,36
0o7h2zw9pbayw,2frmr0pkdw6fx,8
27pcovumew3ob,2s69o3vk753ik,1540
0alpk5z23w37a,1ilylfydh0cmz,64
1ilylfydh0cmz,36275lbz1pxfh,6
3kglo7k1gj2dp,q3djpapqdeae,344
07ay8uulcnvk3,28rwg208w77oa,4
0lgcp95scv131,3uor3wlh61s4z,26
2cyh4atpkk6xw,3as9xy2mf1jgi,4
2238n8o8ud2gh,26xcsq0gf1jwv,2
26xcsq0gf1jwv,3umqcdhxld74q,60
27pcovumew3ob,2c2du5pfx1wdd,6
3girxccb022sp,3ilnnu693lm8a,6
0o1tddee2zs81,36275lbz1pxfh,12
36275lbz1pxfh,3kglo7k1gj2dp,226
013lkg9taasav,3jy905oq5p0fd,4
2e2akbj0ttyt7,3o40y4svvhgpn,4
0alpk5z23w37a,1bijtqzhbevxb,12
1ilylfydh0cmz,1whe7fdmhjory,2
07ay8uulcnvk3,26xcsq0gf1jwv,30
016gpxcjwyitu,1tvwlos89qwfw,4
2pcb57gbddt3p,2rb7dm9z87uq7,2
13qs8x5x8p6ya,25upo9fksgtlx,2
25upo9fksgtlx,3tqlfbvtuq5hm,2
013lkg9taasav,2pcb57gbddt3p,36
3ilnnu693lm8a,3kglo7k1gj2dp,516
0o1tddee2zs81,1whe7fdmhjory,4
1bijtqzhbevxb,2fxhor0ps3wf4,8
1jy2n8j8kbywh,36275lbz1pxfh,12
3ewi0zukqmcvm,bn7gw1zkaiu,6
36275lbz1pxfh,3tqlfbvtuq5hm,2
0o1tddee2zs81,0svjeasfs0x0v,4
013lkg9taasav,27pcovumew3ob,308
1531ng54s7uae,74v9ym57faeh,4
0alpk5z23w37a,3uor3wlh61s4z,134
016gpxcjwyitu,3kglo7k1gj2dp,36
0lgcp95scv131,2cyh4atpkk6xw,2
20lkurx3ntqab,3kglo7k1gj2dp,4
2x09hatba6tnx,3l2fu7u33b5pb,8
0lgcp95scv131,10vr5wlzs8enw,84
1jy2n8j8kbywh,1whe7fdmhjory,4
09zwgo2neo793,32kl1z5zwdjk5,10
2s69o3vk753ik,3drhnapwsoh48,20
0o7h2zw9pbayw,74v9ym57faeh,40
09zwgo2neo793,2s69o3vk753ik,100
1ao6ysd83yhwq,3tqlfbvtuq5hm,2
0lgcp95scv131,26xcsq0gf1jwv,14
2fxhor0ps3wf4,2pcb57gbddt3p,76
1iacwualww2c2,3jy905oq5p0fd,38
1tvwlos89qwfw,3kglo7k1gj2dp,18
230skqa4m0s49,28rwg208w77oa,8
24czzdmwwi5sy,3kglo7k1gj2dp,194
0lgcp95scv131,3girxccb022sp,14
0lgcp95scv131,3b7307z6k1mww,70
3kglo7k1gj2dp,3umqcdhxld74q,36
1ilylfydh0cmz,1tvwlos89qwfw,2
09zwgo2neo793,2c2du5pfx1wdd,20
1vx0wgecpjwg4,25upo9fksgtlx,12
1xgrcyr3y4vur,36275lbz1pxfh,2
27pcovumew3ob,2pijymwcbgfbm,2
2pijymwcbgfbm,3kglo7k1gj2dp,2
0o7h2zw9pbayw,Grenar,8
0l83dhgd3vpsz,1whe7fdmhjory,4
27pcovumew3ob,28rwg208w77oa,308
20lkurx3ntqab,3tqlfbvtuq5hm,84
0o1tddee2zs81,1tvwlos89qwfw,4
1531ng54s7uae,25upo9fksgtlx,4
2e6ctdnqdtdiw,3dbsf8jhza75b,4
2wyhkx8w5ytiw,3nv9wmt9am5sb,40
0o7h2zw9pbayw,15mk9abckp8wc,8
1gunu0vhv9onz,3uor3wlh61s4z,120
0alpk5z23w37a,2cyh4atpkk6xw,2
10vr5wlzs8enw,3ilnnu693lm8a,36
36275lbz1pxfh,3w47hajyffanm,6
1iacwualww2c2,27pcovumew3ob,2926
2pcb57gbddt3p,3bvf74kvmv0gx,2
1uj408gj7d7ef,3kglo7k1gj2dp,42
1531ng54s7uae,iz293ooe3a13,4
013lkg9taasav,09zwgo2neo793,20
0l83dhgd3vpsz,0svjeasfs0x0v,4
3kglo7k1gj2dp,3nv9wmt9am5sb,2
27y9qbamw9ztc,3uor3wlh61s4z,2
1ilylfydh0cmz,3kglo7k1gj2dp,18
016gpxcjwyitu,0l83dhgd3vpsz,8
3bf34neolvclk,3kglo7k1gj2dp,20
0alpk5z23w37a,26xcsq0gf1jwv,966
11w7z3zmave9c,2wbdjzv6eifv0,4
2blaednlygf17,2c2du5pfx1wdd,2
27pcovumew3ob,3l2fu7u33b5pb,4
0alpk5z23w37a,3girxccb022sp,6
03m3foaa4po0r,1m594pufp5piu,12
0o1tddee2zs81,3kglo7k1gj2dp,36
1jy2n8j8kbywh,1tvwlos89qwfw,4
0alpk5z23w37a,3b7307z6k1mww,30
3a1jrb52dzvdw,74v9ym57faeh,2
0lgcp95scv131,0se1rjxqj7hpl,8
2e2akbj0ttyt7,q3djpapqdeae,4
2pcb57gbddt3p,3uor3wlh61s4z,84
160r0lpqjisp,3girxccb022sp,4
016gpxcjwyitu,3jy905oq5p0fd,4
2pcb57gbddt3p,2s69o3vk753ik,180
1531ng54s7uae,36275lbz1pxfh,4
016gpxcjwyitu,3w47hajyffanm,4
1xgrcyr3y4vur,2e2akbj0ttyt7,2
2e6ctdnqdtdiw,3bf34neolvclk,8
013lkg9taasav,2mim87ycpkqpd,4
10vr5wlzs8enw,1531ng54s7uae,24
36275lbz1pxfh,3umqcdhxld74q,12
2rr28wl86d5gf,3l2fu7u33b5pb,2
0svjeasfs0x0v,36275lbz1pxfh,6
1jy2n8j8kbywh,3kglo7k1gj2dp,36
21cb32ywoocwy,donaqrcnrtqf,14
0uhzyvcde50cq,32kl1z5zwdjk5,2
0l83dhgd3vpsz,1tvwlos89qwfw,4
013lkg9taasav,24czzdmwwi5sy,4
2cyh4atpkk6xw,tt04njzmaj1q,2
1pdo7utb6019r,donaqrcnrtqf,28
1bijtqzhbevxb,3ilnnu693lm8a,12
1tvwlos89qwfw,3jy905oq5p0fd,2
3kglo7k1gj2dp,3o40y4svvhgpn,4
0alpk5z23w37a,3drhnapwsoh48,64
0uhzyvcde50cq,2s69o3vk753ik,20
1tvwlos89qwfw,3w47hajyffanm,2
1whe7fdmhjory,230skqa4m0s49,4
24czzdmwwi5sy,3w47hajyffanm,2
09zwgo2neo793,28rwg208w77oa,20
0svjeasfs0x0v,1whe7fdmhjory,2
1531ng54s7uae,1xgrcyr3y4vur,4
160r0lpqjisp,25upo9fksgtlx,4
03m3foaa4po0r,3pgvdv081jydt,76
1gunu0vhv9onz,1uj408gj7d7ef,40
3b7307z6k1mww,3ilnnu693lm8a,30
27y9qbamw9ztc,3girxccb022sp,2
016gpxcjwyitu,3umqcdhxld74q,8
09zwgo2neo793,26xcsq0gf1jwv,154
0um8p0nqk67ii,3kglo7k1gj2dp,16
2pijymwcbgfbm,mushin69,2
1ao6ysd83yhwq,2pcb57gbddt3p,38
25upo9fksgtlx,donaqrcnrtqf,30
0se1rjxqj7hpl,27pcovumew3ob,2
1whe7fdmhjory,2pcb57gbddt3p,18
1xgrcyr3y4vur,3kglo7k1gj2dp,172
09zwgo2neo793,3l2fu7u33b5pb,18
2e2akbj0ttyt7,36275lbz1pxfh,2
27pcovumew3ob,2wyhkx8w5ytiw,4
1vx0wgecpjwg4,2rb7dm9z87uq7,6
1ilylfydh0cmz,3w47hajyffanm,2
1tvwlos89qwfw,3umqcdhxld74q,4
1obh55eoirp41,27pcovumew3ob,2
2pcb57gbddt3p,3b7307z6k1mww,190
2238n8o8ud2gh,2lk31jo2jxvli,26
24czzdmwwi5sy,3umqcdhxld74q,4
11xc8bqck0qv5,1wgiyr6mngjiw,2
2238n8o8ud2gh,3luugt5zasajt,12
1iacwualww2c2,24czzdmwwi5sy,38
09zwgo2neo793,160r0lpqjisp,8
10vr5wlzs8enw,2e2akbj0ttyt7,12
36275lbz1pxfh,3b7307z6k1mww,10
0o1tddee2zs81,3w47hajyffanm,4
1obh55eoirp41,20lkurx3ntqab,4
25upo9fksgtlx,2fxhor0ps3wf4,6
1m594pufp5piu,2pcb57gbddt3p,12
1iacwualww2c2,1jy2n8j8kbywh,76
013lkg9taasav,0o1tddee2zs81,8
25upo9fksgtlx,2pijymwcbgfbm,2
1uj408gj7d7ef,27pcovumew3ob,34
20lkurx3ntqab,3nv9wmt9am5sb,4
10vr5wlzs8enw,74v9ym57faeh,12
0svjeasfs0x0v,1tvwlos89qwfw,2
27y9qbamw9ztc,30ebyug8mqvkp,20
27pcovumew3ob,iz293ooe3a13,12
20lkurx3ntqab,2cyh4atpkk6xw,4
1531ng54s7uae,q3djpapqdeae,8
0lgcp95scv131,2238n8o8ud2gh,16
2pcb57gbddt3p,3drhnapwsoh48,18
1jy2n8j8kbywh,3jy905oq5p0fd,4
2prezf5es7ty3,3kglo7k1gj2dp,50
1ilylfydh0cmz,3umqcdhxld74q,4
36275lbz1pxfh,3drhnapwsoh48,6
0o7h2zw9pbayw,1f1c0nfexmrs5,4
1531ng54s7uae,3kglo7k1gj2dp,344
32qxryo5kjncn,3a1jrb52dzvdw,4
0svjeasfs0x0v,3kglo7k1gj2dp,18
2pijymwcbgfbm,3nv9wmt9am5sb,2
1obh55eoirp41,3nv9wmt9am5sb,2
1bijtqzhbevxb,3pgvdv081jydt,12
0o1tddee2zs81,3umqcdhxld74q,8
1ao6ysd83yhwq,2fxhor0ps3wf4,4
2fxhor0ps3wf4,3ilnnu693lm8a,12
2pcb57gbddt3p,3l2fu7u33b5pb,112
32kl1z5zwdjk5,36275lbz1pxfh,6
0uhzyvcde50cq,28rwg208w77oa,4
3jy905oq5p0fd,3kglo7k1gj2dp,18
2wbdjzv6eifv0,3kglo7k1gj2dp,4
1jy2n8j8kbywh,27pcovumew3ob,308
1uj408gj7d7ef,3nv9wmt9am5sb,34
3tqlfbvtuq5hm,iz293ooe3a13,2
0l83dhgd3vpsz,3jy905oq5p0fd,4
15mk9abckp8wc,1f1c0nfexmrs5,16
09rdcil1vui2j,3c5aqe13mti54,2
2c2du5pfx1wdd,2e6ctdnqdtdiw,4
1jy2n8j8kbywh,230skqa4m0s49,8
2cyh4atpkk6xw,3kglo7k1gj2dp,2
10vr5wlzs8enw,iz293ooe3a13,12
13thi4zmdsy2y,2pcb57gbddt3p,4
0uhzyvcde50cq,26xcsq0gf1jwv,30
013lkg9taasav,25upo9fksgtlx,4
1vx0wgecpjwg4,3bvf74kvmv0gx,6
20lkurx3ntqab,2pijymwcbgfbm,4
1jy2n8j8kbywh,3umqcdhxld74q,8
0pw9wz520mjmk,27pcovumew3ob,4
2s69o3vk753ik,3qq8b7ay5s7u6,40
09zwgo2neo793,13thi4zmdsy2y,18
3drhnapwsoh48,3uor3wlh61s4z,4
74v9ym57faeh,iz293ooe3a13,2
07ay8uulcnvk3,230skqa4m0s49,4
3b7307z6k1mww,q3djpapqdeae,20
11w7z3zmave9c,1gunu0vhv9onz,40
3girxccb022sp,3uor3wlh61s4z,2
0l83dhgd3vpsz,27pcovumew3ob,308
2238n8o8ud2gh,2pcb57gbddt3p,38
1whe7fdmhjory,2mim87ycpkqpd,2
2blaednlygf17,2e6ctdnqdtdiw,4
0l83dhgd3vpsz,230skqa4m0s49,8
2e2akbj0ttyt7,3kglo7k1gj2dp,186
2238n8o8ud2gh,iz293ooe3a13,2
160r0lpqjisp,3tqlfbvtuq5hm,4
1whe7fdmhjory,24czzdmwwi5sy,2
0l83dhgd3vpsz,3umqcdhxld74q,8
07ay8uulcnvk3,2pcb57gbddt3p,18
1ao6ysd83yhwq,iz293ooe3a13,2
26xcsq0gf1jwv,3qq8b7ay5s7u6,60
25upo9fksgtlx,3ilnnu693lm8a,6
1uj408gj7d7ef,32qxryo5kjncn,8
26xcsq0gf1jwv,27y9qbamw9ztc,2
075q5fudb3a77,34j1ki7yji9u3,4
2e2akbj0ttyt7,3tqlfbvtuq5hm,2
0svjeasfs0x0v,3jy905oq5p0fd,2
0lgcp95scv131,27y9qbamw9ztc,22
28rwg208w77oa,2pcb57gbddt3p,36
3bf34neolvclk,3dbsf8jhza75b,4
3jy905oq5p0fd,3w47hajyffanm,2
0alpk5z23w37a,13qs8x5x8p6ya,2
1bijtqzhbevxb,74v9ym57faeh,4
0guqs8z9rr03o,3o40y4svvhgpn,4
10vr5wlzs8enw,1bijtqzhbevxb,24
26xcsq0gf1jwv,2pcb57gbddt3p,308
0lgcp95scv131,2pcb57gbddt3p,266
32kl1z5zwdjk5,3kglo7k1gj2dp,18
0svjeasfs0x0v,27pcovumew3ob,154
3uor3wlh61s4z,3w47hajyffanm,4
24czzdmwwi5sy,3c5aqe13mti54,2
1ao6ysd83yhwq,3ilnnu693lm8a,6
03m3foaa4po0r,2c2du5pfx1wdd,4
3b7307z6k1mww,3tqlfbvtuq5hm,10
0svjeasfs0x0v,230skqa4m0s49,4
0lgcp95scv131,27pcovumew3ob,8
1wgiyr6mngjiw,2x09hatba6tnx,4
1xgrcyr3y4vur,26xcsq0gf1jwv,2
10vr5wlzs8enw,3uor3wlh61s4z,12
0alpk5z23w37a,27y9qbamw9ztc,6
0svjeasfs0x0v,3umqcdhxld74q,4
15mk9abckp8wc,2e2akbj0ttyt7,16
1xgrcyr3y4vur,3b7307z6k1mww,10
11w7z3zmave9c,3a1jrb52dzvdw,4
2g5n9ybwoc4g9,3l2fu7u33b5pb,2
27pcovumew3ob,3fqayt2xus382,60
3jy905oq5p0fd,3umqcdhxld74q,4
0alpk5z23w37a,3jy905oq5p0fd,64
27pcovumew3ob,2pcb57gbddt3p,1418
32qxryo5kjncn,3kglo7k1gj2dp,8
0alpk5z23w37a,2pcb57gbddt3p,756
2rumo6bidhs8e,32qxryo5kjncn,8
27pcovumew3ob,3306hmdq9cxwe,8
27pcovumew3ob,donaqrcnrtqf,28
1h8erqlmjq04y,3o40y4svvhgpn,8
2lk31jo2jxvli,3luugt5zasajt,16
1k5m2lotf5mr9,3tqlfbvtuq5hm,24
07ay8uulcnvk3,2mim87ycpkqpd,2
1gunu0vhv9onz,2wbdjzv6eifv0,20
25upo9fksgtlx,3pgvdv081jydt,6
11xc8bqck0qv5,25upo9fksgtlx,2
2mim87ycpkqpd,3w47hajyffanm,2
3l2fu7u33b5pb,donaqrcnrtqf,44
0alpk5z23w37a,27pcovumew3ob,4942
2cyh4atpkk6xw,3nv9wmt9am5sb,2
0lgcp95scv131,2fxhor0ps3wf4,28
016gpxcjwyitu,0alpk5z23w37a,128
016gpxcjwyitu,0uhzyvcde50cq,4
1bijtqzhbevxb,3uor3wlh61s4z,4
2rr28wl86d5gf,3306hmdq9cxwe,4
26xcsq0gf1jwv,32kl1z5zwdjk5,30
1f1c0nfexmrs5,1m594pufp5piu,36
3fqayt2xus382,tbjtczz4vodc,4
36275lbz1pxfh,3pgvdv081jydt,6
09zwgo2neo793,230skqa4m0s49,20
11w7z3zmave9c,2ms44hwqqvus4,4
32kl1z5zwdjk5,3w47hajyffanm,2
28rwg208w77oa,2mim87ycpkqpd,4
10vr5wlzs8enw,3b7307z6k1mww,60
230skqa4m0s49,32kl1z5zwdjk5,4
2mim87ycpkqpd,3uor3wlh61s4z,4
36275lbz1pxfh,3qq8b7ay5s7u6,12
2prezf5es7ty3,3dbsf8jhza75b,10
2lk31jo2jxvli,3av3aglvxy0ng,16
09zwgo2neo793,3fqayt2xus382,4
2fxhor0ps3wf4,q3djpapqdeae,8
2mim87ycpkqpd,2s69o3vk753ik,20
iz293ooe3a13,q3djpapqdeae,4
230skqa4m0s49,2s69o3vk753ik,40
3umqcdhxld74q,3w47hajyffanm,4
27pcovumew3ob,2rr28wl86d5gf,4
3pgvdv081jydt,iz293ooe3a13,6
2c2du5pfx1wdd,2pcb57gbddt3p,4
2pcb57gbddt3p,3jy905oq5p0fd,18
09zwgo2neo793,2pcb57gbddt3p,286
13qs8x5x8p6ya,iz293ooe3a13,6
1ao6ysd83yhwq,2e2akbj0ttyt7,2
0alpk5z23w37a,2fxhor0ps3wf4,14
27pcovumew3ob,32kl1z5zwdjk5,170
1h8erqlmjq04y,24czzdmwwi5sy,536
2wbdjzv6eifv0,32qxryo5kjncn,4
11xc8bqck0qv5,donaqrcnrtqf,16
0lgcp95scv131,24czzdmwwi5sy,18
1f1c0nfexmrs5,3pgvdv081jydt,228
160r0lpqjisp,2fxhor0ps3wf4,8
075q5fudb3a77,0guqs8z9rr03o,8
0hyn5iz42i8nq,20lkurx3ntqab,42
0lgcp95scv131,2rumo6bidhs8e,4
21cb32ywoocwy,27pcovumew3ob,4
32kl1z5zwdjk5,3umqcdhxld74q,4
2e2akbj0ttyt7,3b7307z6k1mww,10
25upo9fksgtlx,2rb7dm9z87uq7,4
013lkg9taasav,2s69o3vk753ik,40
2prezf5es7ty3,3bf34neolvclk,20
0o1tddee2zs81,0uhzyvcde50cq,4
2dg7mhvienk75,3a1jrb52dzvdw,4
2fiiubp4adekw,32qxryo5kjncn,2
2blaednlygf17,2pcb57gbddt3p,4
1m594pufp5piu,2e2akbj0ttyt7,6
28a58poey2jjc,2pcb57gbddt3p,30
0alpk5z23w37a,2mim87ycpkqpd,64
3brkj38yl64tn,3vsxzszpnuml1,24
24czzdmwwi5sy,3qq8b7ay5s7u6,4
27pcovumew3ob,3im95cw18azny,2
2pcb57gbddt3p,2prezf5es7ty3,20
2cyh4atpkk6xw,2x09hatba6tnx,4
1bijtqzhbevxb,q3djpapqdeae,8
3kglo7k1gj2dp,3w47hajyffanm,18
2e2akbj0ttyt7,3dbsf8jhza75b,2
2pcb57gbddt3p,3fqayt2xus382,76
2ms44hwqqvus4,3uor3wlh61s4z,12
0alpk5z23w37a,24czzdmwwi5sy,64
2238n8o8ud2gh,36275lbz1pxfh,2
27y9qbamw9ztc,2fxhor0ps3wf4,4
0uhzyvcde50cq,230skqa4m0s49,4
1xgrcyr3y4vur,2238n8o8ud2gh,2
09zwgo2neo793,2rr28wl86d5gf,18
11w7z3zmave9c,3kglo7k1gj2dp,8
3306hmdq9cxwe,3l2fu7u33b5pb,4
0alpk5z23w37a,mushin69,2
0lgcp95scv131,3ilnnu693lm8a,42
07ay8uulcnvk3,36275lbz1pxfh,6
3bf34neolvclk,3pgvdv081jydt,76
1ilylfydh0cmz,3qq8b7ay5s7u6,4
1iacwualww2c2,2s69o3vk753ik,380
24czzdmwwi5sy,2pcb57gbddt3p,18
3kglo7k1gj2dp,3uor3wlh61s4z,242
1m594pufp5piu,3kglo7k1gj2dp,30
25upo9fksgtlx,3ewi0zukqmcvm,24
160r0lpqjisp,74v9ym57faeh,4
26xcsq0gf1jwv,3girxccb022sp,2
2mim87ycpkqpd,3drhnapwsoh48,2
15mk9abckp8wc,2ld27iflst71g,8
0l83dhgd3vpsz,0uhzyvcde50cq,4
0l83dhgd3vpsz,36275lbz1pxfh,12
0uhzyvcde50cq,2pcb57gbddt3p,18
27l4vgvfrt1e4,3uor3wlh61s4z,6
3nv9wmt9am5sb,mushin69,2
0lgcp95scv131,160r0lpqjisp,28
07ay8uulcnvk3,1whe7fdmhjory,2
0o1tddee2zs81,3qq8b7ay5s7u6,8
3av3aglvxy0ng,3luugt5zasajt,8
2e2akbj0ttyt7,3bf34neolvclk,4
1obh55eoirp41,3kglo7k1gj2dp,2
28rwg208w77oa,36275lbz1pxfh,12
09zwgo2neo793,2mim87ycpkqpd,10
2pcb57gbddt3p,3cn2pr2tpjqox,4
34j1ki7yji9u3,3o40y4svvhgpn,2
1gunu0vhv9onz,2rumo6bidhs8e,40
25upo9fksgtlx,3bvf74kvmv0gx,4
0alpk5z23w37a,3ilnnu693lm8a,18
2238n8o8ud2gh,2e2akbj0ttyt7,2
1531ng54s7uae,2238n8o8ud2gh,4
0alpk5z23w37a,0o1tddee2zs81,128
27y9qbamw9ztc,2rumo6bidhs8e,2
013lkg9taasav,28rwg208w77oa,8
160r0lpqjisp,3ilnnu693lm8a,12
10vr5wlzs8enw,2238n8o8ud2gh,12
3girxccb022sp,3pgvdv081jydt,6
0lgcp95scv131,25upo9fksgtlx,14
25upo9fksgtlx,32kl1z5zwdjk5,2
25upo9fksgtlx,3uor3wlh61s4z,6
2pcb57gbddt3p,3as9xy2mf1jgi,2
016gpxcjwyitu,1ilylfydh0cmz,4
3drhnapwsoh48,3qq8b7ay5s7u6,4
25upo9fksgtlx,2s69o3vk753ik,20
03m3foaa4po0r,3kglo7k1gj2dp,20
1ao6ysd83yhwq,1bijtqzhbevxb,4
2qdgt7iso1haa,3as9xy2mf1jgi,22
1m594pufp5piu,2blaednlygf17,6
36275lbz1pxfh,3uor3wlh61s4z,14
1531ng54s7uae,1ao6ysd83yhwq,4
1tvwlos89qwfw,32kl1z5zwdjk5,2
0guqs8z9rr03o,3kglo7k1gj2dp,4
0svjeasfs0x0v,0uhzyvcde50cq,2
27pcovumew3ob,36275lbz1pxfh,462
24czzdmwwi5sy,32kl1z5zwdjk5,2
3a1jrb52dzvdw,3uor3wlh61s4z,12
2fxhor0ps3wf4,2pijymwcbgfbm,2
25upo9fksgtlx,2aivlzazl4lpi,8
2238n8o8ud2gh,3kglo7k1gj2dp,172
13qs8x5x8p6ya,3fqayt2xus382,30
1xgrcyr3y4vur,27y9qbamw9ztc,2
1ao6ysd83yhwq,3uor3wlh61s4z,2
27y9qbamw9ztc,3ilnnu693lm8a,6
0alpk5z23w37a,25upo9fksgtlx,74
013lkg9taasav,1jy2n8j8kbywh,8
1iacwualww2c2,28rwg208w77oa,76
25upo9fksgtlx,2cyh4atpkk6xw,12
07ay8uulcnvk3,3kglo7k1gj2dp,18
1whe7fdmhjory,3uor3wlh61s4z,4
13qs8x5x8p6ya,21cb32ywoocwy,2
2wbdjzv6eifv0,74v9ym57faeh,2
1whe7fdmhjory,2s69o3vk753ik,20
13qs8x5x8p6ya,donaqrcnrtqf,14
016gpxcjwyitu,3uor3wlh61s4z,8
1xgrcyr3y4vur,2pcb57gbddt3p,38
0l83dhgd3vpsz,3kglo7k1gj2dp,36
0uhzyvcde50cq,2mim87ycpkqpd,2
0lgcp95scv131,1xgrcyr3y4vur,14
0lgcp95scv131,11w7z3zmave9c,4
26xcsq0gf1jwv,74v9ym57faeh,2
2238n8o8ud2gh,3tqlfbvtuq5hm,2
0o1tddee2zs81,1ilylfydh0cmz,4
03m3foaa4po0r,2blaednlygf17,4
28rwg208w77oa,3kglo7k1gj2dp,36
10vr5wlzs8enw,3pgvdv081jydt,36
1f1c0nfexmrs5,2c2du5pfx1wdd,12
0hyn5iz42i8nq,r9no4kri2ux2,2
09zwgo2neo793,1531ng54s7uae,8
36275lbz1pxfh,3girxccb022sp,2
160r0lpqjisp,3pgvdv081jydt,12
3tqlfbvtuq5hm,74v9ym57faeh,2
1531ng54s7uae,27y9qbamw9ztc,4
3kglo7k1gj2dp,74v9ym57faeh,216
09zwgo2neo793,36275lbz1pxfh,34
25upo9fksgtlx,28rwg208w77oa,4
10vr5wlzs8enw,27y9qbamw9ztc,12
07ay8uulcnvk3,0l83dhgd3vpsz,4
21cb32ywoocwy,25upo9fksgtlx,2
30ebyug8mqvkp,3luugt5zasajt,40
25upo9fksgtlx,30ebyug8mqvkp,20
1ilylfydh0cmz,3uor3wlh61s4z,4
07ay8uulcnvk3,1ilylfydh0cmz,2
1ao6ysd83yhwq,3b7307z6k1mww,10
1531ng54s7uae,2pcb57gbddt3p,76
1jy2n8j8kbywh,3w47hajyffanm,4
09zwgo2neo793,1whe7fdmhjory,10
0alpk5z23w37a,1xgrcyr3y4vur,6
2e2akbj0ttyt7,3pgvdv081jydt,44
3bf34neolvclk,3uor3wlh61s4z,4
016gpxcjwyitu,26xcsq0gf1jwv,60
26xcsq0gf1jwv,iz293ooe3a13,2
26xcsq0gf1jwv,3tqlfbvtuq5hm,2
075q5fudb3a77,1h8erqlmjq04y,16
25upo9fksgtlx,3l2fu7u33b5pb,4
0o1tddee2zs81,3uor3wlh61s4z,8
24czzdmwwi5sy,3a1jrb52dzvdw,18
0l83dhgd3vpsz,1ilylfydh0cmz,4
1obh55eoirp41,mushin69,2
3uor3wlh61s4z,74v9ym57faeh,14
07ay8uulcnvk3,3w47hajyffanm,2
27pcovumew3ob,3kglo7k1gj2dp,1418
2rumo6bidhs8e,3uor3wlh61s4z,24
2ld27iflst71g,74v9ym57faeh,40
1obh55eoirp41,2cyh4atpkk6xw,2
2cyh4atpkk6xw,2pcb57gbddt3p,4
1tvwlos89qwfw,26xcsq0gf1jwv,30
0guqs8z9rr03o,88gtbo3mesbw,8
1whe7fdmhjory,3drhnapwsoh48,2
24czzdmwwi5sy,26xcsq0gf1jwv,30
1whe7fdmhjory,28rwg208w77oa,4
13qs8x5x8p6ya,1pdo7utb6019r,4
0l83dhgd3vpsz,3w47hajyffanm,4
1jy2n8j8kbywh,3uor3wlh61s4z,8
3kglo7k1gj2dp,mushin69,2
2238n8o8ud2gh,3uor3wlh61s4z,2
2c2du5pfx1wdd,2e2akbj0ttyt7,2
09zwgo2neo793,2e2akbj0ttyt7,24
3b7307z6k1mww,3pgvdv081jydt,30
075q5fudb3a77,24czzdmwwi5sy,268
1uj408gj7d7ef,3a1jrb52dzvdw,4
3o40y4svvhgpn,88gtbo3mesbw,4
016gpxcjwyitu,3drhnapwsoh48,4
28rwg208w77oa,3w47hajyffanm,4
2pcb57gbddt3p,36275lbz1pxfh,92
27pcovumew3ob,3tqlfbvtuq5hm,12
20lkurx3ntqab,25upo9fksgtlx,4
2mim87ycpkqpd,3qq8b7ay5s7u6,4
1m594pufp5piu,3dbsf8jhza75b,6
07ay8uulcnvk3,3umqcdhxld74q,4
1ilylfydh0cmz,26xcsq0gf1jwv,30
0l83dhgd3vpsz,3uor3wlh61s4z,8
3uor3wlh61s4z,iz293ooe3a13,2
24czzdmwwi5sy,2ms44hwqqvus4,18
1uj408gj7d7ef,74v9ym57faeh,4
0uhzyvcde50cq,36275lbz1pxfh,6
0o1tddee2zs81,26xcsq0gf1jwv,60
2blaednlygf17,2e2akbj0ttyt7,2
230skqa4m0s49,3jy905oq5p0fd,4
28rwg208w77oa,3uor3wlh61s4z,8
27pcovumew3ob,2blaednlygf17,6
0svjeasfs0x0v,1ilylfydh0cmz,2
32kl1z5zwdjk5,3qq8b7ay5s7u6,4
09zwgo2neo793,3kglo7k1gj2dp,534
0pw9wz520mjmk,3nv9wmt9am5sb,8
0uhzyvcde50cq,1whe7fdmhjory,2
27l4vgvfrt1e4,28a58poey2jjc,30
1jy2n8j8kbywh,26xcsq0gf1jwv,60
1ilylfydh0cmz,3drhnapwsoh48,2
0svjeasfs0x0v,3w47hajyffanm,2
1m594pufp5piu,3bf34neolvclk,12
013lkg9taasav,1iacwualww2c2,76
21cb32ywoocwy,iz293ooe3a13,6
2e2akbj0ttyt7,iz293ooe3a13,2
27pcovumew3ob,3w47hajyffanm,154
230skqa4m0s49,27pcovumew3ob,308
0hyn5iz42i8nq,0lgcp95scv131,6
2238n8o8ud2gh,3b7307z6k1mww,10
2e6ctdnqdtdiw,2pcb57gbddt3p,8
0o1tddee2zs81,3drhnapwsoh48,4
03m3foaa4po0r,3dbsf8jhza75b,4
1gunu0vhv9onz,3kglo7k1gj2dp,40
09zwgo2neo793,3tqlfbvtuq5hm,4
013lkg9taasav,016gpxcjwyitu,8
0um8p0nqk67ii,3a1jrb52dzvdw,8
230skqa4m0s49,3umqcdhxld74q,8
2rb7dm9z87uq7,3bvf74kvmv0gx,2
2rumo6bidhs8e,30ebyug8mqvkp,20
21hgiqvqsjh4d,2cyh4atpkk6xw,8
21hgiqvqsjh4d,2qdgt7iso1haa,44
3306hmdq9cxwe,3cn2pr2tpjqox,4
0l83dhgd3vpsz,26xcsq0gf1jwv,60
0svjeasfs0x0v,3uor3wlh61s4z,4
1jy2n8j8kbywh,3drhnapwsoh48,4
34j1ki7yji9u3,3kglo7k1gj2dp,2
25upo9fksgtlx,iz293ooe3a13,8
1ao6ysd83yhwq,2238n8o8ud2gh,2
27pcovumew3ob,3umqcdhxld74q,308
09zwgo2neo793,0l83dhgd3vpsz,20
2pcb57gbddt3p,3kglo7k1gj2dp,3450
013lkg9taasav,230skqa4m0s49,8
0alpk5z23w37a,2s69o3vk753ik,640
1xgrcyr3y4vur,3girxccb022sp,2
3tqlfbvtuq5hm,q3djpapqdeae,4
07ay8uulcnvk3,3drhnapwsoh48,2
09zwgo2neo793,1ilylfydh0cmz,10
03m3foaa4po0r,3bf34neolvclk,8
09zwgo2neo793,2blaednlygf17,20
10vr5wlzs8enw,q3djpapqdeae,24
160r0lpqjisp,3uor3wlh61s4z,4
3kglo7k1gj2dp,3qq8b7ay5s7u6,36
3ilnnu693lm8a,3tqlfbvtuq5hm,6
0l83dhgd3vpsz,3drhnapwsoh48,4
74v9ym57faeh,q3djpapqdeae,4
27pcovumew3ob,3nv9wmt9am5sb,2
09zwgo2neo793,3w47hajyffanm,10
0uhzyvcde50cq,3kglo7k1gj2dp,18
3pgvdv081jydt,74v9ym57faeh,6
09zwgo2neo793,1bijtqzhbevxb,8
1btl6a93d1j10,2cyh4atpkk6xw,8
0um8p0nqk67ii,2ms44hwqqvus4,8
28rwg208w77oa,3drhnapwsoh48,4
1xgrcyr3y4vur,25upo9fksgtlx,2
2e2akbj0ttyt7,3uor3wlh61s4z,4
26xcsq0gf1jwv,2fxhor0ps3wf4,4
2wbdjzv6eifv0,3a1jrb52dzvdw,2
25upo9fksgtlx,2lk31jo2jxvli,8
2fxhor0ps3wf4,mushin69,2
2e2akbj0ttyt7,2ld27iflst71g,4
09zwgo2neo793,74v9ym57faeh,4
1531ng54s7uae,26xcsq0gf1jwv,4
1f1c0nfexmrs5,3kglo7k1gj2dp,64
1531ng54s7uae,3girxccb022sp,4
1iacwualww2c2,230skqa4m0s49,76
0svjeasfs0x0v,26xcsq0gf1jwv,30
0pw9wz520mjmk,2wyhkx8w5ytiw,48
1pdo7utb6019r,27pcovumew3ob,8
03m3foaa4po0r,1f1c0nfexmrs5,24
2c2du5pfx1wdd,3uor3wlh61s4z,2
2cyh4atpkk6xw,2qdgt7iso1haa,44
1k5m2lotf5mr9,2krwo1phx3ko9,4
09zwgo2neo793,3umqcdhxld74q,20
25upo9fksgtlx,3jy905oq5p0fd,2
1ao6ysd83yhwq,3pgvdv081jydt,6
26xcsq0gf1jwv,2mim87ycpkqpd,30
34j1ki7yji9u3,88gtbo3mesbw,4
1iacwualww2c2,2pcb57gbddt3p,342
25upo9fksgtlx,3av3aglvxy0ng,4
1pdo7utb6019r,3fqayt2xus382,60
24czzdmwwi5sy,74v9ym57faeh,138
27pcovumew3ob,3dbsf8jhza75b,6
2pcb57gbddt3p,3w47hajyffanm,18
0svjeasfs0x0v,3drhnapwsoh48,2
36275lbz1pxfh,3jy905oq5p0fd,6
1pdo7utb6019r,21cb32ywoocwy,4
2blaednlygf17,3uor3wlh61s4z,2
3kglo7k1gj2dp,88gtbo3mesbw,4
0uhzyvcde50cq,1ilylfydh0cmz,2
0alpk5z23w37a,2pijymwcbgfbm,2
32kl1z5zwdjk5,3uor3wlh61s4z,4
0um8p0nqk67ii,11w7z3zmave9c,16
1whe7fdmhjory,3qq8b7ay5s7u6,4
0alpk5z23w37a,28rwg208w77oa,128
0lgcp95scv131,32qxryo5kjncn,4
3ilnnu693lm8a,74v9ym57faeh,6
09zwgo2neo793,iz293ooe3a13,4
10vr5wlzs8enw,25upo9fksgtlx,12
1ao6ysd83yhwq,27y9qbamw9ztc,2
013lkg9taasav,32kl1z5zwdjk5,4
2frmr0pkdw6fx,74v9ym57faeh,14
25upo9fksgtlx,27pcovumew3ob,160
013lkg9taasav,07ay8uulcnvk3,4
2e2akbj0ttyt7,3girxccb022sp,2
09zwgo2neo793,10vr5wlzs8enw,24
0uhzyvcde50cq,3w47hajyffanm,2
1uj408gj7d7ef,2wbdjzv6eifv0,4
1m594pufp5piu,3pgvdv081jydt,114
016gpxcjwyitu,3qq8b7ay5s7u6,8
1f1c0nfexmrs5,2blaednlygf17,12
2ms44hwqqvus4,74v9ym57faeh,2
0alpk5z23w37a,3l2fu7u33b5pb,36
2cyh4atpkk6xw,donaqrcnrtqf,16
0o7h2zw9pbayw,24czzdmwwi5sy,6
25upo9fksgtlx,3fqayt2xus382,32
09zwgo2neo793,3b7307z6k1mww,20
27pcovumew3ob,3bf34neolvclk,12
2pcb57gbddt3p,3umqcdhxld74q,36
09zwgo2neo793,tbjtczz4vodc,2
1tvwlos89qwfw,230skqa4m0s49,4
2ms44hwqqvus4,32qxryo5kjncn,4
32qxryo5kjncn,3uor3wlh61s4z,24
2ms44hwqqvus4,2rumo6bidhs8e,4
016gpxcjwyitu,2pcb57gbddt3p,36
10vr5wlzs8enw,36275lbz1pxfh,12
2ld27iflst71g,3o40y4svvhgpn,2
22lyugcohbm2d,3uor3wlh61s4z,2
1whe7fdmhjory,27pcovumew3ob,154
0alpk5z23w37a,1jy2n8j8kbywh,128
2wyhkx8w5ytiw,3im95cw18azny,4
26xcsq0gf1jwv,3ilnnu693lm8a,6
15mk9abckp8wc,24czzdmwwi5sy,24
3ilnnu693lm8a,iz293ooe3a13,6
07ay8uulcnvk3,0alpk5z23w37a,64
0uhzyvcde50cq,3umqcdhxld74q,4
1iacwualww2c2,32kl1z5zwdjk5,38
09zwgo2neo793,3drhnapwsoh48,10
016gpxcjwyitu,27pcovumew3ob,308
09zwgo2neo793,3dbsf8jhza75b,20
1tvwlos89qwfw,2pcb57gbddt3p,18
20lkurx3ntqab,27pcovumew3ob,4
1uj408gj7d7ef,20lkurx3ntqab,68
3girxccb022sp,3kglo7k1gj2dp,172
1xgrcyr3y4vur,3tqlfbvtuq5hm,2
11xc8bqck0qv5,3fqayt2xus382,2
15nzqx79n79ys,3a1jrb52dzvdw,8
03m3foaa4po0r,2e2akbj0ttyt7,4
10vr5wlzs8enw,1xgrcyr3y4vur,12
1f1c0nfexmrs5,2prezf5es7ty3,60
2e2akbj0ttyt7,2e6ctdnqdtdiw,4
1iacwualww2c2,2mim87ycpkqpd,38
1ilylfydh0cmz,3jy905oq5p0fd,2
09rdcil1vui2j,24czzdmwwi5sy,2
2rumo6bidhs8e,2wbdjzv6eifv0,4
2x09hatba6tnx,donaqrcnrtqf,32
2238n8o8ud2gh,3pgvdv081jydt,6
0alpk5z23w37a,2wyhkx8w5ytiw,60
27pcovumew3ob,mushin69,2
1bijtqzhbevxb,36275lbz1pxfh,4
0o1tddee2zs81,3jy905oq5p0fd,4
32kl1z5zwdjk5,3drhnapwsoh48,2
09zwgo2neo793,3bf34neolvclk,40
3pgvdv081jydt,q3djpapqdeae,12
1jy2n8j8kbywh,3qq8b7ay5s7u6,8
0o1tddee2zs81,2pcb57gbddt3p,36
25upo9fksgtlx,3as9xy2mf1jgi,4
2rumo6bidhs8e,3av3aglvxy0ng,4
1ilylfydh0cmz,27pcovumew3ob,154
016gpxcjwyitu,09zwgo2neo793,20
25upo9fksgtlx,2rumo6bidhs8e,2
20lkurx3ntqab,2fxhor0ps3wf4,4
2mim87ycpkqpd,36275lbz1pxfh,6
07ay8uulcnvk3,3qq8b7ay5s7u6,4
2238n8o8ud2gh,27y9qbamw9ztc,16
09zwgo2neo793,q3djpapqdeae,8
1531ng54s7uae,3tqlfbvtuq5hm,4
2pcb57gbddt3p,3dbsf8jhza75b,4
230skqa4m0s49,36275lbz1pxfh,12
07ay8uulcnvk3,1iacwualww2c2,38
0o1tddee2zs81,27pcovumew3ob,308
1bijtqzhbevxb,1xgrcyr3y4vur,4
3girxccb022sp,74v9ym57faeh,2
2238n8o8ud2gh,3av3aglvxy0ng,12
1jy2n8j8kbywh,2pcb57gbddt3p,36
3cn2pr2tpjqox,3l2fu7u33b5pb,2
0l83dhgd3vpsz,3qq8b7ay5s7u6,8
26xcsq0gf1jwv,3pgvdv081jydt,6
016gpxcjwyitu,2mim87ycpkqpd,4
0uhzyvcde50cq,3drhnapwsoh48,2
0lgcp95scv131,3pgvdv081jydt,42
10vr5wlzs8enw,3kglo7k1gj2dp,1032
28rwg208w77oa,3qq8b7ay5s7u6,8
1bijtqzhbevxb,2e2akbj0ttyt7,4
1f1c0nfexmrs5,3o40y4svvhgpn,4
09zwgo2neo793,1f1c0nfexmrs5,120
013lkg9taasav,36275lbz1pxfh,12
26xcsq0gf1jwv,2e2akbj0ttyt7,2
016gpxcjwyitu,24czzdmwwi5sy,4
1uj408gj7d7ef,2fxhor0ps3wf4,34
2fiiubp4adekw,tt04njzmaj1q,2
2pcb57gbddt3p,3bf34neolvclk,8
1tvwlos89qwfw,2mim87ycpkqpd,2
0l83dhgd3vpsz,2pcb57gbddt3p,36
24czzdmwwi5sy,2mim87ycpkqpd,2
1f1c0nfexmrs5,3dbsf8jhza75b,12
11w7z3zmave9c,3uor3wlh61s4z,24
09zwgo2neo793,2238n8o8ud2gh,4
3ilnnu693lm8a,q3djpapqdeae,12
013lkg9taasav,1whe7fdmhjory,4
1pdo7utb6019r,25upo9fksgtlx,4
1tvwlos89qwfw,24czzdmwwi5sy,2
1xgrcyr3y4vur,74v9ym57faeh,2
36275lbz1pxfh,3ilnnu693lm8a,6
24czzdmwwi5sy,32qxryo5kjncn,50
013lkg9taasav,0svjeasfs0x0v,4
1m594pufp5piu,3uor3wlh61s4z,6
27pcovumew3ob,3pgvdv081jydt,114
3girxccb022sp,iz293ooe3a13,2
2fxhor0ps3wf4,36275lbz1pxfh,4
36275lbz1pxfh,74v9ym57faeh,2
27pcovumew3ob,2e2akbj0ttyt7,6
0alpk5z23w37a,160r0lpqjisp,12
27pcovumew3ob,3qq8b7ay5s7u6,308
1bijtqzhbevxb,3kglo7k1gj2dp,344
1ilylfydh0cmz,2mim87ycpkqpd,2
0svjeasfs0x0v,3qq8b7ay5s7u6,4
1iacwualww2c2,36275lbz1pxfh,114
09zwgo2neo793,1ao6ysd83yhwq,4
1uj408gj7d7ef,24czzdmwwi5sy,36
09zwgo2neo793,0alpk5z23w37a,336
1ilylfydh0cmz,24czzdmwwi5sy,2
1f1c0nfexmrs5,3bf34neolvclk,24
2x09hatba6tnx,3fqayt2xus382,4
0o1tddee2zs81,2mim87ycpkqpd,4
25upo9fksgtlx,mushin69,2
016gpxcjwyitu,0o1tddee2zs81,8
0alpk5z23w37a,1iacwualww2c2,1216
230skqa4m0s49,3kglo7k1gj2dp,36
1ilylfydh0cmz,1jy2n8j8kbywh,4
3b7307z6k1mww,3kglo7k1gj2dp,860
2mim87ycpkqpd,3kglo7k1gj2dp,18
0o1tddee2zs81,24czzdmwwi5sy,4
1iacwualww2c2,1whe7fdmhjory,38
013lkg9taasav,1tvwlos89qwfw,4
0svjeasfs0x0v,2pcb57gbddt3p,18
3fqayt2xus382,iz293ooe3a13,90
1bijtqzhbevxb,iz293ooe3a13,4
1jy2n8j8kbywh,2mim87ycpkqpd,4
03m3foaa4po0r,3uor3wlh61s4z,4
1xgrcyr3y4vur,2fxhor0ps3wf4,4
0se1rjxqj7hpl,1k5m2lotf5mr9,4
1jy2n8j8kbywh,24czzdmwwi5sy,4
0um8p0nqk67ii,74v9ym57faeh,8
36275lbz1pxfh,iz293ooe3a13,2
27y9qbamw9ztc,2lk31jo2jxvli,16
09zwgo2neo793,3pgvdv081jydt,392
013lkg9taasav,3kglo7k1gj2dp,36
27y9qbamw9ztc,3luugt5zasajt,4
2c2du5pfx1wdd,3pgvdv081jydt,38
1ao6ysd83yhwq,25upo9fksgtlx,2
2238n8o8ud2gh,2rumo6bidhs8e,6
25upo9fksgtlx,36275lbz1pxfh,8
0alpk5z23w37a,20lkurx3ntqab,4
0alpk5z23w37a,230skqa4m0s49,128
1whe7fdmhjory,25upo9fksgtlx,2
0pw9wz520mjmk,3im95cw18azny,4
0l83dhgd3vpsz,2mim87ycpkqpd,4
09zwgo2neo793,3qq8b7ay5s7u6,20
016gpxcjwyitu,25upo9fksgtlx,4
3pgvdv081jydt,3tqlfbvtuq5hm,6
09zwgo2neo793,27y9qbamw9ztc,4
09zwgo2neo793,1iacwualww2c2,190
11xc8bqck0qv5,3l2fu7u33b5pb,4
07ay8uulcnvk3,3uor3wlh61s4z,4
2s69o3vk753ik,32kl1z5zwdjk5,20
0l83dhgd3vpsz,24czzdmwwi5sy,4
0alpk5z23w37a,3fqayt2xus382,30
0um8p0nqk67ii,24czzdmwwi5sy,72
2pcb57gbddt3p,iz293ooe3a13,38
2blaednlygf17,3pgvdv081jydt,38
0um8p0nqk67ii,32qxryo5kjncn,16
0alpk5z23w37a,21cb32ywoocwy,2
0lgcp95scv131,74v9ym57faeh,16
3ilnnu693lm8a,3pgvdv081jydt,18
1531ng54s7uae,2fxhor0ps3wf4,8
2fxhor0ps3wf4,3kglo7k1gj2dp,346
1ao6ysd83yhwq,36275lbz1pxfh,2
21hgiqvqsjh4d,3as9xy2mf1jgi,4
2mim87ycpkqpd,3jy905oq5p0fd,2
3girxccb022sp,q3djpapqdeae,4
230skqa4m0s49,3w47hajyffanm,4
27pcovumew3ob,2krwo1phx3ko9,2
1whe7fdmhjory,36275lbz1pxfh,6
3kglo7k1gj2dp,3tqlfbvtuq5hm,172
1iacwualww2c2,3kglo7k1gj2dp,342
24czzdmwwi5sy,2fiiubp4adekw,14
1obh55eoirp41,25upo9fksgtlx,2
013lkg9taasav,0l83dhgd3vpsz,8
2e6ctdnqdtdiw,3uor3wlh61s4z,4
25upo9fksgtlx,74v9ym57faeh,6
2e2akbj0ttyt7,2prezf5es7ty3,10
25upo9fksgtlx,2e2akbj0ttyt7,2
2ld27iflst71g,3kglo7k1gj2dp,2
2cyh4atpkk6xw,2fxhor0ps3wf4,2
26xcsq0gf1jwv,3uor3wlh61s4z,62
07ay8uulcnvk3,0o1tddee2zs81,4
26xcsq0gf1jwv,2s69o3vk753ik,300
1uj408gj7d7ef,2ms44hwqqvus4,4
2fxhor0ps3wf4,3tqlfbvtuq5hm,4
1ao6ysd83yhwq,1xgrcyr3y4vur,2
1ilylfydh0cmz,25upo9fksgtlx,2
1m594pufp5piu,2e6ctdnqdtdiw,12
32kl1z5zwdjk5,3jy905oq5p0fd,2
2pcb57gbddt3p,3qq8b7ay5s7u6,36
2c2du5pfx1wdd,2prezf5es7ty3,10
2238n8o8ud2gh,3girxccb022sp,2
0svjeasfs0x0v,2mim87ycpkqpd,2
013lkg9taasav,3w47hajyffanm,4
09zwgo2neo793,2vq7uljvsz2ju,4
230skqa4m0s49,3uor3wlh61s4z,8
0l83dhgd3vpsz,0o1tddee2zs81,8
0o1tddee2zs81,25upo9fksgtlx,4
0lgcp95scv131,iz293ooe3a13,14
27y9qbamw9ztc,2pcb57gbddt3p,38
2mim87ycpkqpd,3umqcdhxld74q,4
24czzdmwwi5sy,2e2akbj0ttyt7,12
1xgrcyr3y4vur,q3djpapqdeae,4
2e2akbj0ttyt7,2fxhor0ps3wf4,4
1vx0wgecpjwg4,21hgiqvqsjh4d,12
1xgrcyr3y4vur,3ilnnu693lm8a,6
0svjeasfs0x0v,24czzdmwwi5sy,2
21cb32ywoocwy,3fqayt2xus382,30
26xcsq0gf1jwv,q3djpapqdeae,4
0uhzyvcde50cq,3qq8b7ay5s7u6,4
27pcovumew3ob,3uor3wlh61s4z,314
1h8erqlmjq04y,34j1ki7yji9u3,8
0o7h2zw9pbayw,2ld27iflst71g,2
1jy2n8j8kbywh,25upo9fksgtlx,4
0uhzyvcde50cq,1iacwualww2c2,38
0alpk5z23w37a,32kl1z5zwdjk5,64
25upo9fksgtlx,3kglo7k1gj2dp,192
36275lbz1pxfh,q3djpapqdeae,4
2238n8o8ud2gh,25upo9fksgtlx,8
2238n8o8ud2gh,30ebyug8mqvkp,60
1iacwualww2c2,1ilylfydh0cmz,38
2cyh4atpkk6xw,32qxryo5kjncn,2
1f1c0nfexmrs5,2e2akbj0ttyt7,20
2pcb57gbddt3p,3306hmdq9cxwe,8
1k5m2lotf5mr9,27pcovumew3ob,4
1bijtqzhbevxb,26xcsq0gf1jwv,4
013lkg9taasav,3umqcdhxld74q,8
07ay8uulcnvk3,25upo9fksgtlx,2
03m3foaa4po0r,2e6ctdnqdtdiw,8
0lgcp95scv131,r9no4kri2ux2,6
0alpk5z23w37a,1pdo7utb6019r,4
1bijtqzhbevxb,3b7307z6k1mww,20
3a1jrb52dzvdw,3kglo7k1gj2dp,4
26xcsq0gf1jwv,3b7307z6k1mww,10
1iacwualww2c2,3w47hajyffanm,38
0l83dhgd3vpsz,25upo9fksgtlx,4
0lgcp95scv131,1uj408gj7d7ef,4
1ao6ysd83yhwq,3kglo7k1gj2dp,172
2rumo6bidhs8e,74v9ym57faeh,4
27pcovumew3ob,2cyh4atpkk6xw,2
1531ng54s7uae,3ilnnu693lm8a,12
27y9qbamw9ztc,74v9ym57faeh,2
230skqa4m0s49,26xcsq0gf1jwv,60
1whe7fdmhjory,3kglo7k1gj2dp,18
3uor3wlh61s4z,q3djpapqdeae,4
21hgiqvqsjh4d,25upo9fksgtlx,8
32qxryo5kjncn,37pw68qf1or5o,2
26xcsq0gf1jwv,3drhnapwsoh48,30
26xcsq0gf1jwv,28rwg208w77oa,60
0lgcp95scv131,3a1jrb52dzvdw,2
0se1rjxqj7hpl,3tqlfbvtuq5hm,12
3fqayt2xus382,donaqrcnrtqf,226
2s69o3vk753ik,36275lbz1pxfh,60
2pcb57gbddt3p,2rr28wl86d5gf,4
09zwgo2neo793,3uor3wlh61s4z,44
2cyh4atpkk6xw,mushin69,2
2vq7uljvsz2ju,3brkj38yl64tn,8
1iacwualww2c2,3umqcdhxld74q,76
230skqa4m0s49,3drhnapwsoh48,4
3dbsf8jhza75b,3kglo7k1gj2dp,10
160r0lpqjisp,iz293ooe3a13,4
25upo9fksgtlx,2frmr0pkdw6fx,28
2pcb57gbddt3p,32kl1z5zwdjk5,18
0alpk5z23w37a,1uj408gj7d7ef,34
1xgrcyr3y4vur,3pgvdv081jydt,6
2fxhor0ps3wf4,3nv9wmt9am5sb,2
25upo9fksgtlx,3w47hajyffanm,2
07ay8uulcnvk3,0svjeasfs0x0v,2
2e2akbj0ttyt7,3ilnnu693lm8a,6
27pcovumew3ob,3drhnapwsoh48,154
0lgcp95scv131,q3djpapqdeae,28
27y9qbamw9ztc,iz293ooe3a13,2
0svjeasfs0x0v,25upo9fksgtlx,2
0alpk5z23w37a,iz293ooe3a13,12
0lgcp95scv131,36275lbz1pxfh,14
2vq7uljvsz2ju,3vsxzszpnuml1,6
3ilnnu693lm8a,3uor3wlh61s4z,6
28a58poey2jjc,3uor3wlh61s4z,10
15mk9abckp8wc,74v9ym57faeh,160
0lgcp95scv131,2ms44hwqqvus4,2
09zwgo2neo793,0o1tddee2zs81,20
0alpk5z23w37a,0pw9wz520mjmk,12
25upo9fksgtlx,q3djpapqdeae,4
1h8erqlmjq04y,88gtbo3mesbw,16
0alpk5z23w37a,1obh55eoirp41,2
25upo9fksgtlx,3umqcdhxld74q,4
016gpxcjwyitu,2s69o3vk753ik,40
1whe7fdmhjory,3w47hajyffanm,2
1whe7fdmhjory,3jy905oq5p0fd,2
2rumo6bidhs8e,3kglo7k1gj2dp,8
09zwgo2neo793,3girxccb022sp,4
1531ng54s7uae,3pgvdv081jydt,12
07ay8uulcnvk3,1tvwlos89qwfw,2
27pcovumew3ob,2e6ctdnqdtdiw,12
2cyh4atpkk6xw,2fiiubp4adekw,2
0alpk5z23w37a,1531ng54s7uae,12
1tvwlos89qwfw,3uor3wlh61s4z,4
1531ng54s7uae,2e2akbj0ttyt7,4
1tvwlos89qwfw,2s69o3vk753ik,20
24czzdmwwi5sy,3uor3wlh61s4z,112
1gunu0vhv9onz,3a1jrb52dzvdw,20
10vr5wlzs8enw,1ao6ysd83yhwq,12
24czzdmwwi5sy,2s69o3vk753ik,20
0alpk5z23w37a,36275lbz1pxfh,198
3fqayt2xus382,3l2fu7u33b5pb,4
25upo9fksgtlx,3nv9wmt9am5sb,2
1531ng54s7uae,160r0lpqjisp,8
0uhzyvcde50cq,3uor3wlh61s4z,4
24czzdmwwi5sy,2ld27iflst71g,6
21hgiqvqsjh4d,2rb7dm9z87uq7,4
160r0lpqjisp,36275lbz1pxfh,4
2s69o3vk753ik,3kglo7k1gj2dp,180
1bijtqzhbevxb,2238n8o8ud2gh,4
3qq8b7ay5s7u6,3w47hajyffanm,4
1whe7fdmhjory,3umqcdhxld74q,4
09zwgo2neo793,25upo9fksgtlx,14
0alpk5z23w37a,1whe7fdmhjory,64
1uj408gj7d7ef,3uor3wlh61s4z,24
2pcb57gbddt3p,2qdgt7iso1haa,22
1f1c0nfexmrs5,3uor3wlh61s4z,12
1m594pufp5piu,27pcovumew3ob,18
25upo9fksgtlx,26xcsq0gf1jwv,32
1ilylfydh0cmz,2s69o3vk753ik,20
0alpk5z23w37a,0svjeasfs0x0v,64
24czzdmwwi5sy,34j1ki7yji9u3,134
32kl1z5zwdjk5,in5jdmqrfdzz,16
1f1c0nfexmrs5,2ld27iflst71g,4
24czzdmwwi5sy,2cyh4atpkk6xw,14
25upo9fksgtlx,3b7307z6k1mww,10
25upo9fksgtlx,bn7gw1zkaiu,72
160r0lpqjisp,1xgrcyr3y4vur,4
20lkurx3ntqab,r9no4kri2ux2,42
0o1tddee2zs81,2s69o3vk753ik,40
1m594pufp5piu,2prezf5es7ty3,30
2pcb57gbddt3p,3girxccb022sp,38
1gunu0vhv9onz,2ms44hwqqvus4,20
27y9qbamw9ztc,36275lbz1pxfh,2
09zwgo2neo793,2e6ctdnqdtdiw,40
1h8erqlmjq04y,3kglo7k1gj2dp,8
3kglo7k1gj2dp,iz293ooe3a13,172
075q5fudb3a77,3o40y4svvhgpn,4
0lgcp95scv131,3kglo7k1gj2dp,1208
3qq8b7ay5s7u6,3umqcdhxld74q,8
27y9qbamw9ztc,q3djpapqdeae,4
2lk31jo2jxvli,30ebyug8mqvkp,80
03m3foaa4po0r,2pcb57gbddt3p,8
1uj408gj7d7ef,2cyh4atpkk6xw,34
160r0lpqjisp,2e2akbj0ttyt7,4
25upo9fksgtlx,3drhnapwsoh48,2
1jy2n8j8kbywh,2s69o3vk753ik,40
016gpxcjwyitu,28rwg208w77oa,8
0alpk5z23w37a,1tvwlos89qwfw,64
03m3foaa4po0r,27pcovumew3ob,12
2cyh4atpkk6xw,2rb7dm9z87uq7,4
13thi4zmdsy2y,27pcovumew3ob,4
25upo9fksgtlx,2x09hatba6tnx,4
21hgiqvqsjh4d,3bvf74kvmv0gx,4
24czzdmwwi5sy,3drhnapwsoh48,2
09zwgo2neo793,0svjeasfs0x0v,10
1tvwlos89qwfw,28rwg208w77oa,4
07ay8uulcnvk3,3jy905oq5p0fd,2
24czzdmwwi5sy,28rwg208w77oa,4
1tvwlos89qwfw,3drhnapwsoh48,2
0lgcp95scv131,3tqlfbvtuq5hm,74
2238n8o8ud2gh,74v9ym57faeh,2
03m3foaa4po0r,2prezf5es7ty3,20
2e6ctdnqdtdiw,3pgvdv081jydt,76
1wgiyr6mngjiw,2cyh4atpkk6xw,2
2s69o3vk753ik,3w47hajyffanm,20
2s69o3vk753ik,3jy905oq5p0fd,20
0um8p0nqk67ii,3uor3wlh61s4z,48
3tqlfbvtuq5hm,r9no4kri2ux2,4
1obh55eoirp41,2fxhor0ps3wf4,2
1xgrcyr3y4vur,3uor3wlh61s4z,2
0alpk5z23w37a,3kglo7k1gj2dp,1094
donaqrcnrtqf,iz293ooe3a13,42
1obh55eoirp41,2pijymwcbgfbm,2
1ao6ysd83yhwq,74v9ym57faeh,2
0lgcp95scv131,2lk31jo2jxvli,2
013lkg9taasav,0alpk5z23w37a,128
013lkg9taasav,0uhzyvcde50cq,4
0uhzyvcde50cq,25upo9fksgtlx,2
27y9qbamw9ztc,2e2akbj0ttyt7,2
11w7z3zmave9c,24czzdmwwi5sy,36
160r0lpqjisp,3kglo7k1gj2dp,344
1uj408gj7d7ef,2pijymwcbgfbm,34
1bijtqzhbevxb,27y9qbamw9ztc,4
11w7z3zmave9c,32qxryo5kjncn,8
11w7z3zmave9c,2rumo6bidhs8e,8
07ay8uulcnvk3,27pcovumew3ob,154
28rwg208w77oa,3jy905oq5p0fd,4
0lgcp95scv131,2wbdjzv6eifv0,2
016gpxcjwyitu,1jy2n8j8kbywh,8
1ilylfydh0cmz,28rwg208w77oa,4
1531ng54s7uae,1bijtqzhbevxb,8
0alpk5z23w37a,3tqlfbvtuq5hm,6
230skqa4m0s49,3qq8b7ay5s7u6,8
26xcsq0gf1jwv,3jy905oq5p0fd,30
03m3foaa4po0r,09zwgo2neo793,40
09zwgo2neo793,1tvwlos89qwfw,10
0o1tddee2zs81,28rwg208w77oa,8
2s69o3vk753ik,3umqcdhxld74q,40
1bijtqzhbevxb,2pcb57gbddt3p,76
09zwgo2neo793,3brkj38yl64tn,16
24czzdmwwi5sy,tt04njzmaj1q,14
2prezf5es7ty3,3uor3wlh61s4z,10
2ms44hwqqvus4,2wbdjzv6eifv0,2
3as9xy2mf1jgi,3bvf74kvmv0gx,2
13thi4zmdsy2y,3cn2pr2tpjqox,2
1531ng54s7uae,3uor3wlh61s4z,4
2238n8o8ud2gh,2fxhor0ps3wf4,4
0alpk5z23w37a,0l83dhgd3vpsz,128
2cyh4atpkk6xw,3bvf74kvmv0gx,4
27y9qbamw9ztc,3kglo7k1gj2dp,172
2a26yan3y9ydm,3a1jrb52dzvdw,16
26xcsq0gf1jwv,27pcovumew3ob,2310
0guqs8z9rr03o,1h8erqlmjq04y,16
1jy2n8j8kbywh,28rwg208w77oa,8
2c2du5pfx1wdd,3kglo7k1gj2dp,10
230skqa4m0s49,2pcb57gbddt3p,36
3kglo7k1gj2dp,3pgvdv081jydt,706
1f1c0nfexmrs5,2e6ctdnqdtdiw,24
0svjeasfs0x0v,2s69o3vk753ik,20
2wbdjzv6eifv0,3uor3wlh61s4z,12
28rwg208w77oa,3umqcdhxld74q,8
013lkg9taasav,3qq8b7ay5s7u6,8
0um8p0nqk67ii,1uj408gj7d7ef,16
3jy905oq5p0fd,3uor3wlh61s4z,4
2e6ctdnqdtdiw,2prezf5es7ty3,20
1wgiyr6mngjiw,3l2fu7u33b5pb,4
07ay8uulcnvk3,09zwgo2neo793,10
0lgcp95scv131,20lkurx3ntqab,126
27pcovumew3ob,3jy905oq5p0fd,154
09zwgo2neo793,3vsxzszpnuml1,12
0alpk5z23w37a,3w47hajyffanm,64
1vx0wgecpjwg4,2cyh4atpkk6xw,12
0o1tddee2zs81,1jy2n8j8kbywh,8
2pcb57gbddt3p,74v9ym57faeh,38
2fxhor0ps3wf4,3pgvdv081jydt,12
1vx0wgecpjwg4,2qdgt7iso1haa,66
0l83dhgd3vpsz,28rwg208w77oa,8
27y9qbamw9ztc,3tqlfbvtuq5hm,2
0hyn5iz42i8nq,3tqlfbvtuq5hm,4
2blaednlygf17,3kglo7k1gj2dp,10
0guqs8z9rr03o,24czzdmwwi5sy,268
160r0lpqjisp,1bijtqzhbevxb,8
2qdgt7iso1haa,2rb7dm9z87uq7,22
2pcb57gbddt3p,3tqlfbvtuq5hm,38
1iacwualww2c2,3qq8b7ay5s7u6,76
27pcovumew3ob,2prezf5es7ty3,30
07ay8uulcnvk3,24czzdmwwi5sy,2
25upo9fksgtlx,3luugt5zasajt,4
0uhzyvcde50cq,1tvwlos89qwfw,2
0alpk5z23w37a,3umqcdhxld74q,128
07ay8uulcnvk3,1jy2n8j8kbywh,4
1531ng54s7uae,3b7307z6k1mww,20
2mim87ycpkqpd,32kl1z5zwdjk5,2
15nzqx79n79ys,3ewi0zukqmcvm,4
0l83dhgd3vpsz,1jy2n8j8kbywh,8
09zwgo2neo793,3jy905oq5p0fd,10
27pcovumew3ob,2fxhor0ps3wf4,2
0alpk5z23w37a,3nv9wmt9am5sb,14
0lgcp95scv131,1btl6a93d1j10,8
0svjeasfs0x0v,28rwg208w77oa,4
27l4vgvfrt1e4,2pcb57gbddt3p,18
2238n8o8ud2gh,3ilnnu693lm8a,6
2238n8o8ud2gh,q3djpapqdeae,4
0alpk5z23w37a,10vr5wlzs8enw,36
28z23gzdme3t7,3kglo7k1gj2dp,2
230skqa4m0s49,2mim87ycpkqpd,4
09zwgo2neo793,27pcovumew3ob,870
2pcb57gbddt3p,tbjtczz4vodc,38
1ao6ysd83yhwq,q3djpapqdeae,4
27pcovumew3ob,3cn2pr2tpjqox,4
25upo9fksgtlx,3qq8b7ay5s7u6,4
013lkg9taasav,1ilylfydh0cmz,4
3b7307z6k1mww,74v9ym57faeh,10
3o40y4svvhgpn,74v9ym57faeh,40
2cyh4atpkk6xw,2pijymwcbgfbm,2
10vr5wlzs8enw,26xcsq0gf1jwv,12
2qdgt7iso1haa,3bvf74kvmv0gx,22
3umqcdhxld74q,3uor3wlh61s4z,8
230skqa4m0s49,24czzdmwwi5sy,4
25upo9fksgtlx,27y9qbamw9ztc,4
10vr5wlzs8enw,3girxccb022sp,12
0o7h2zw9pbayw,3o40y4svvhgpn,2
0lgcp95scv131,1gunu0vhv9onz,20
09zwgo2neo793,2prezf5es7ty3,100
2frmr0pkdw6fx,Grenar,2
016gpxcjwyitu,1iacwualww2c2,76
27pcovumew3ob,2mim87ycpkqpd,154
160r0lpqjisp,26xcsq0gf1jwv,4
3b7307z6k1mww,3uor3wlh61s4z,10
1tvwlos89qwfw,3qq8b7ay5s7u6,4
2rr28wl86d5gf,3cn2pr2tpjqox,2
160r0lpqjisp,3b7307z6k1mww,20
0chrhremz9lj6,0thctjluy4cri,2
24czzdmwwi5sy,2wbdjzv6eifv0,18
2cyh4atpkk6xw,3l2fu7u33b5pb,4
25upo9fksgtlx,2pcb57gbddt3p,60
3pgvdv081jydt,3uor3wlh61s4z,44
0svjeasfs0x0v,1jy2n8j8kbywh,4
15mk9abckp8wc,3o40y4svvhgpn,8
09zwgo2neo793,2fxhor0ps3wf4,8
24czzdmwwi5sy,3jy905oq5p0fd,2
3drhnapwsoh48,3kglo7k1gj2dp,18
2blaednlygf17,2prezf5es7ty3,10
2rb7dm9z87uq7,3as9xy2mf1jgi,2
013lkg9taasav,3uor3wlh61s4z,8
3b7307z6k1mww,iz293ooe3a13,10
075q5fudb3a77,3kglo7k1gj2dp,4
0uhzyvcde50cq,3jy905oq5p0fd,2
3dbsf8jhza75b,3pgvdv081jydt,38
016gpxcjwyitu,230skqa4m0s49,8
1bijtqzhbevxb,3girxccb022sp,4
09zwgo2neo793,3cn2pr2tpjqox,18
27y9qbamw9ztc,3b7307z6k1mww,10
2rumo6bidhs8e,3luugt5zasajt,4
1tvwlos89qwfw,27pcovumew3ob,154
24czzdmwwi5sy,27pcovumew3ob,154
0o1tddee2zs81,1iacwualww2c2,76
2pcb57gbddt3p,q3djpapqdeae,76
0uhzyvcde50cq,27pcovumew3ob,154
3b7307z6k1mww,3girxccb022sp,10
0alpk5z23w37a,74v9ym57faeh,6
2fxhor0ps3wf4,3uor3wlh61s4z,4
1f1c0nfexmrs5,2pcb57gbddt3p,24
24czzdmwwi5sy,37pw68qf1or5o,14
3girxccb022sp,3tqlfbvtuq5hm,2
09zwgo2neo793,24czzdmwwi5sy,10
1bijtqzhbevxb,25upo9fksgtlx,4
07ay8uulcnvk3,0uhzyvcde50cq,2
09zwgo2neo793,1jy2n8j8kbywh,20
2c2du5pfx1wdd,3dbsf8jhza75b,2
1iacwualww2c2,3uor3wlh61s4z,76
27pcovumew3ob,in5jdmqrfdzz,2
1f1c0nfexmrs5,27pcovumew3ob,36
0lgcp95scv131,1k5m2lotf5mr9,16
1ilylfydh0cmz,230skqa4m0s49,4
013lkg9taasav,26xcsq0gf1jwv,60